prompt_tokens,generation_tokens,ttft,generation_time,user_id,question_id,launch_time,finish_time
102.0,300.0,0.026068449020385742,2.0054831504821777,3,1,1755207504.8350096,1755207506.8665617
139.0,200.0,0.037371158599853516,1.297227144241333,4,1,1755207504.1192172,1755207505.4538157
250.0,200.0,0.0393369197845459,1.3303158283233643,5,1,1755207505.5436761,1755207506.9133291
84.0,200.0,0.021465063095092773,1.3060009479522705,6,1,1755207506.9463453,1755207508.2738113
220.0,2.0,0.0382537841796875,0.007088899612426758,7,1,1755207508.3522813,1755207508.397624
501.0,300.0,0.046846866607666016,2.0685956478118896,7,2,1755207509.3529127,1755207511.4683554
296.0,2.0,0.043498992919921875,0.00782632827758789,8,1,1755207509.753736,1755207509.8050613
